--create table building
--(
--    name        varchar(40) null,
--     integer     null
--);
--
--INSERT INTO building (name, ) VALUES ('IT융합대학', 1);
--INSERT INTO building (name, ) VALUES ('경상대학', 2);
--INSERT INTO building (name, ) VALUES ('공과대학 제1공학관', 3);
--INSERT INTO building (name, ) VALUES ('공과대학 제2공학관', 4);
--INSERT INTO building (name, ) VALUES ('국제관', 5);
--INSERT INTO building (name, ) VALUES ('미술대학', 6);
--INSERT INTO building (name, ) VALUES ('법과대학', 7);
--INSERT INTO building (name, ) VALUES ('본관', 8);
--INSERT INTO building (name, ) VALUES ('생명공학관', 9);
--INSERT INTO building (name, ) VALUES ('약학대학 1호관', 10);
--INSERT INTO building (name, ) VALUES ('약학대학 2호관', 11);
--INSERT INTO building (name, ) VALUES ('약학대학 3호관', 12);
--INSERT INTO building (name, ) VALUES ('의과대학 1호관', 13);
--INSERT INTO building (name, ) VALUES ('의과대학 2호관', 14);
--INSERT INTO building (name, ) VALUES ('의과대학 3호관', 15);
--INSERT INTO building (name, ) VALUES ('자연과학관', 16);
--INSERT INTO building (name, ) VALUES ('조선간호대학', 17);
--INSERT INTO building (name, ) VALUES ('체육대학', 18);
--INSERT INTO building (name, ) VALUES ('치과대학(교육동)', 19);
--INSERT INTO building (name, ) VALUES ('치과대학(연구동)', 20);

create table classrooms
(
    id          varchar(10) not null primary key,
    name        varchar(20) null
);

INSERT INTO classrooms (id, name) VALUES ('10210', '게임 제작 실습실');
INSERT INTO classrooms (id, name) VALUES ('10221', '멀티미디어 실습실');
INSERT INTO classrooms (id, name) VALUES ('10225', '프로그래밍 실습실');
INSERT INTO classrooms (id, name) VALUES ('1103', 'E스페이스실');
INSERT INTO classrooms (id, name) VALUES ('1122', null);
INSERT INTO classrooms (id, name) VALUES ('1125', null);
INSERT INTO classrooms (id, name) VALUES ('1209', 'SW융합교육원 PC1실');
INSERT INTO classrooms (id, name) VALUES ('1225', 'SW융합교육원 PC2실');
INSERT INTO classrooms (id, name) VALUES ('2104-2', null);
INSERT INTO classrooms (id, name) VALUES ('2105-1', null);
INSERT INTO classrooms (id, name) VALUES ('2105-2', null);
INSERT INTO classrooms (id, name) VALUES ('2119', null);
INSERT INTO classrooms (id, name) VALUES ('2122', null);
INSERT INTO classrooms (id, name) VALUES ('2125', null);
INSERT INTO classrooms (id, name) VALUES ('2128', null);
INSERT INTO classrooms (id, name) VALUES ('2210', '공용PC3실');
INSERT INTO classrooms (id, name) VALUES ('2221', null);
INSERT INTO classrooms (id, name) VALUES ('2225', null);
INSERT INTO classrooms (id, name) VALUES ('2228', null);
INSERT INTO classrooms (id, name) VALUES ('3120', null);
INSERT INTO classrooms (id, name) VALUES ('3124', null);
INSERT INTO classrooms (id, name) VALUES ('3128', null);
INSERT INTO classrooms (id, name) VALUES ('3208', '공용PC1실');
INSERT INTO classrooms (id, name) VALUES ('3210', '공용PC2실');
INSERT INTO classrooms (id, name) VALUES ('3224', null);
INSERT INTO classrooms (id, name) VALUES ('3228', null);
INSERT INTO classrooms (id, name) VALUES ('7210', '임베디드 시스템 및 소프트웨어 실습실');
INSERT INTO classrooms (id, name) VALUES ('7221', '네트워크 프로그래밍 실습실');
INSERT INTO classrooms (id, name) VALUES ('7225', '데이터베이스 프로그래밍 실습실');
INSERT INTO classrooms (id, name) VALUES ('8206', '통신 네트워크 실습실');
INSERT INTO classrooms (id, name) VALUES ('8210', '정보통신 실험실');
INSERT INTO classrooms (id, name) VALUES ('8221', 'PC응용 실습실');
INSERT INTO classrooms (id, name) VALUES ('9206', '디지털 시스템 설계 실험실');
INSERT INTO classrooms (id, name) VALUES ('9210', '시스템 설계 프로젝트 실험실');
INSERT INTO classrooms (id, name) VALUES ('9221', '아날로그 시스템 설계 실험실');

create table lectures
(
    lec_name     varchar(40) not null,
    division     varchar(3)  not null,
    start        varchar(10) null,
    end          varchar(10) null,
    day          varchar(5)  null,
    classroom_id varchar(10) null,
    professor    varchar(20) null,
    constraint lectures_ibfk_1
        foreign key (classroom_id) references classrooms (id)
);

create index classroom_id
    on lectures (classroom_id);


INSERT INTO lectures (lec_name, division, start, end, day, classroom_id, professor) VALUES ('AI헬스케어응용1', '01', '18:00', '21:00', '월', '1103', '유희수');
INSERT INTO lectures (lec_name, division, start, end, day, classroom_id, professor) VALUES ('AI헬스케어융합캡스톤디자인', '01', '9:00', '12:00', '목', '1103', '유희수');
INSERT INTO lectures (lec_name, division, start, end, day, classroom_id, professor) VALUES ('컴퓨터구조', '03', '12:00', '14:00', '월', '1122', '여인준');
INSERT INTO lectures (lec_name, division, start, end, day, classroom_id, professor) VALUES ('EGC', '28', '15:00', '17:00', '월', '1122', '마이클존');
INSERT INTO lectures (lec_name, division, start, end, day, classroom_id, professor) VALUES ('수치해석', '05', '10:00', '12:00', '화', '1122', '이진이');
INSERT INTO lectures (lec_name, division, start, end, day, classroom_id, professor) VALUES ('열린사고와표현', '03', '14:00', '16:00', '화', '1122', '김기림');
INSERT INTO lectures (lec_name, division, start, end, day, classroom_id, professor) VALUES ('(EGC)TED Talks and Current Events', '01', '16:00', '17:00', '화', '1122', '데이비드마기');
INSERT INTO lectures (lec_name, division, start, end, day, classroom_id, professor) VALUES ('EGC', '28', '11:00', '12:00', '수', '1122', '마이클존');
INSERT INTO lectures (lec_name, division, start, end, day, classroom_id, professor) VALUES ('수치해석', '05', '14:00', '15:00', '수', '1122', '이진이');
INSERT INTO lectures (lec_name, division, start, end, day, classroom_id, professor) VALUES ('열린사고와표현', '03', '11:00', '12:00', '목', '1122', '김기림');
INSERT INTO lectures (lec_name, division, start, end, day, classroom_id, professor) VALUES ('(EGC-A)Science and Literacy', '23', '12:00', '13:00', '목', '1122', '윌리엄어반스키');
INSERT INTO lectures (lec_name, division, start, end, day, classroom_id, professor) VALUES ('컴퓨터구조', '03', '14:00', '15:00', '목', '1122', '여인준');
INSERT INTO lectures (lec_name, division, start, end, day, classroom_id, professor) VALUES ('(EGC)TED Talks and Current Events', '01', '15:00', '16:00', '목', '1122', '데이비드마기');
INSERT INTO lectures (lec_name, division, start, end, day, classroom_id, professor) VALUES ('(EGC-A)Science and Literacy', '23', '11:00', '13:00', '금', '1122', '윌리엄어반스키');
INSERT INTO lectures (lec_name, division, start, end, day, classroom_id, professor) VALUES ('유창성장애특강', '01', '10:00', '13:00', '화', '1125', '최소영');
INSERT INTO lectures (lec_name, division, start, end, day, classroom_id, professor) VALUES ('열린사고와표현', '04', '14:00', '16:00', '화', '1125', '김재경');
INSERT INTO lectures (lec_name, division, start, end, day, classroom_id, professor) VALUES ('놀이치료', '01', '16:00', '17:00', '화', '1125', '오지현');
INSERT INTO lectures (lec_name, division, start, end, day, classroom_id, professor) VALUES ('말과학', '01', '10:00', '12:00', '수', '1125', '표화영');
INSERT INTO lectures (lec_name, division, start, end, day, classroom_id, professor) VALUES ('성격장애의심리치료', '01', '14:00', '17:00', '수', '1125', '김나래');
INSERT INTO lectures (lec_name, division, start, end, day, classroom_id, professor) VALUES ('열린사고와표현', '04', '11:00', '12:00', '목', '1125', '김재경');
INSERT INTO lectures (lec_name, division, start, end, day, classroom_id, professor) VALUES ('고급발달심리', '01', '15:00', '17:00', '목', '1125', '오지현');
INSERT INTO lectures (lec_name, division, start, end, day, classroom_id, professor) VALUES ('자연어처리', '01', '12:00', '14:00', '월', '1209', '김원열');
INSERT INTO lectures (lec_name, division, start, end, day, classroom_id, professor) VALUES ('컴퓨팅사고와빅데이터프로그래밍', '04', '11:00', '13:00', '화', '1209', '이광옥');
INSERT INTO lectures (lec_name, division, start, end, day, classroom_id, professor) VALUES ('객체지향프로그래밍', '09', '13:00', '15:00', '화', '1209', '이금분');
INSERT INTO lectures (lec_name, division, start, end, day, classroom_id, professor) VALUES ('자연어처리', '01', '16:00', '18:00', '수', '1209', '김원열');
INSERT INTO lectures (lec_name, division, start, end, day, classroom_id, professor) VALUES ('컴퓨팅사고와빅데이터프로그래밍', '04', '11:00', '13:00', '목', '1209', '이광옥');
INSERT INTO lectures (lec_name, division, start, end, day, classroom_id, professor) VALUES ('객체지향프로그래밍', '09', '14:00', '16:00', '목', '1209', '이금분');
INSERT INTO lectures (lec_name, division, start, end, day, classroom_id, professor) VALUES ('AI컴퓨터비전', '01', '10:00', '13:00', '금', '1209', '정재효');
INSERT INTO lectures (lec_name, division, start, end, day, classroom_id, professor) VALUES ('인공지능응용', '02', '14:00', '18:00', '금', '1209', '정재효');
INSERT INTO lectures (lec_name, division, start, end, day, classroom_id, professor) VALUES ('아트, 3D 프린팅 프로그래밍', '01', '9:00', '11:00', '월', '1225', '김호다');
INSERT INTO lectures (lec_name, division, start, end, day, classroom_id, professor) VALUES ('데이터 구조', '04', '13:00', '14:00', '월', '1225', '박아론');
INSERT INTO lectures (lec_name, division, start, end, day, classroom_id, professor) VALUES ('자바 프로그래밍', '01', '14:00', '16:00', '월', '1225', '박아론');
INSERT INTO lectures (lec_name, division, start, end, day, classroom_id, professor) VALUES ('아트, 3D 프린팅 프로그래밍', '01', '9:00', '11:00', '수', '1225', '김호다');
INSERT INTO lectures (lec_name, division, start, end, day, classroom_id, professor) VALUES ('아트, 3D 프린팅 프로그래밍', '01', '9:00', '11:00', '목', '1225', '김호다');
INSERT INTO lectures (lec_name, division, start, end, day, classroom_id, professor) VALUES ('데이터 구조', '04', '12:00', '14:00', '목', '1225', '박아론');
INSERT INTO lectures (lec_name, division, start, end, day, classroom_id, professor) VALUES ('수치 해석', '04', '14:00', '16:00', '목', '1225', '문지윤');
INSERT INTO lectures (lec_name, division, start, end, day, classroom_id, professor) VALUES ('빅데이터 프로그래밍', '01', '9:00', '13:00', '금', '1225', '김형주');
INSERT INTO lectures (lec_name, division, start, end, day, classroom_id, professor) VALUES ('컴퓨터 구조', '01', '10:00', '11:30', '월', '2104-2', '이정아');
INSERT INTO lectures (lec_name, division, start, end, day, classroom_id, professor) VALUES ('소프트웨어 응용', '01', '13:00', '14:00', '월', '2104-2', '염홍기');
INSERT INTO lectures (lec_name, division, start, end, day, classroom_id, professor) VALUES ('컴퓨터 구조', '02', '14:00', '15:30', '월', '2104-2', '이정아');
INSERT INTO lectures (lec_name, division, start, end, day, classroom_id, professor) VALUES ('전산 수학', '01', '16:00', '17:30', '월', '2104-2', '강문수');
INSERT INTO lectures (lec_name, division, start, end, day, classroom_id, professor) VALUES ('데이터 구조', '01', '9:00', '10:00', '화', '2104-2', '김판구');
INSERT INTO lectures (lec_name, division, start, end, day, classroom_id, professor) VALUES ('데이터 구조', '02', '10:00', '12:00', '화', '2104-2', '김판구');
INSERT INTO lectures (lec_name, division, start, end, day, classroom_id, professor) VALUES ('캡스톤 디자인', '28', '14:00', '17:00', '화', '2104-2', '최현식');
INSERT INTO lectures (lec_name, division, start, end, day, classroom_id, professor) VALUES ('컴퓨터 구조', '01', '10:00', '11:30', '수', '2104-2', '이정아');
INSERT INTO lectures (lec_name, division, start, end, day, classroom_id, professor) VALUES ('컴퓨터 구조', '02', '14:00', '15:30', '수', '2104-2', '이정아');
INSERT INTO lectures (lec_name, division, start, end, day, classroom_id, professor) VALUES ('전산 수학', '01', '16:00', '17:30', '수', '2104-2', '강문수');
INSERT INTO lectures (lec_name, division, start, end, day, classroom_id, professor) VALUES ('데이터 구조', '01', '9:00', '11:00', '목', '2104-2', '김판구');
INSERT INTO lectures (lec_name, division, start, end, day, classroom_id, professor) VALUES ('데이터 구조', '02', '11:00', '12:00', '목', '2104-2', '김판구');
INSERT INTO lectures (lec_name, division, start, end, day, classroom_id, professor) VALUES ('소프트웨어 응용', '01', '12:00', '14:00', '목', '2104-2', '염홍기');
INSERT INTO lectures (lec_name, division, start, end, day, classroom_id, professor) VALUES ('일반 물리학', '07', '9:00', '11:00', '월', '2105-1', '정준우');
INSERT INTO lectures (lec_name, division, start, end, day, classroom_id, professor) VALUES ('미분적분학', '12', '13:00', '15:00', '월', '2105-1', '정나영');
INSERT INTO lectures (lec_name, division, start, end, day, classroom_id, professor) VALUES ('EGC', '27', '15:00', '17:00', '월', '2105-1', '데이비드');
INSERT INTO lectures (lec_name, division, start, end, day, classroom_id, professor) VALUES ('미분적분학', '12', '11:00', '12:00', '화', '2105-1', '정나영');
INSERT INTO lectures (lec_name, division, start, end, day, classroom_id, professor) VALUES ('EGC', '20', '13:00', '14:00', '화', '2105-1', '모니크레이첼');
INSERT INTO lectures (lec_name, division, start, end, day, classroom_id, professor) VALUES ('열린 사고와 표현', '05', '14:00', '16:00', '화', '2105-1', '장은영');
INSERT INTO lectures (lec_name, division, start, end, day, classroom_id, professor) VALUES ('정보 보호', '03', '9:00', '10:00', '수', '2105-1', '김영식');
INSERT INTO lectures (lec_name, division, start, end, day, classroom_id, professor) VALUES ('EGC', '27', '11:00', '12:00', '수', '2105-1', '데이비드');
INSERT INTO lectures (lec_name, division, start, end, day, classroom_id, professor) VALUES ('정보 보호 개론', '01', '14:00', '15:00', '수', '2105-1', '김영식');
INSERT INTO lectures (lec_name, division, start, end, day, classroom_id, professor) VALUES ('열린 사고와 표현', '05', '11:00', '12:00', '목', '2105-1', '장은영');
INSERT INTO lectures (lec_name, division, start, end, day, classroom_id, professor) VALUES ('EGC', '49', '12:00', '13:00', '목', '2105-1', '프랜시스');
INSERT INTO lectures (lec_name, division, start, end, day, classroom_id, professor) VALUES ('EGC', '20', '13:00', '15:00', '목', '2105-1', '모니크레이첼');
INSERT INTO lectures (lec_name, division, start, end, day, classroom_id, professor) VALUES ('EGC', '49', '11:00', '13:00', '금', '2105-1', '프랜시스');
INSERT INTO lectures (lec_name, division, start, end, day, classroom_id, professor) VALUES ('공학 수학1', '13', '10:00', '12:00', '월', '2105-2', '고낙용');
INSERT INTO lectures (lec_name, division, start, end, day, classroom_id, professor) VALUES ('전기자기학', '05', '12:00', '14:00', '월', '2105-2', '오순수');
INSERT INTO lectures (lec_name, division, start, end, day, classroom_id, professor) VALUES ('로봇 공학', '01', '14:00', '15:00', '월', '2105-2', '고낙용');
INSERT INTO lectures (lec_name, division, start, end, day, classroom_id, professor) VALUES ('회로 이론1', '01', '10:00', '12:00', '화', '2105-2', '고낙용');
INSERT INTO lectures (lec_name, division, start, end, day, classroom_id, professor) VALUES ('공학 수학1', '13', '14:00', '15:00', '화', '2105-2', '고낙용');
INSERT INTO lectures (lec_name, division, start, end, day, classroom_id, professor) VALUES ('말하기와 실용 글쓰기', '23', '15:00', '17:00', '화', '2105-2', '김진욱');
INSERT INTO lectures (lec_name, division, start, end, day, classroom_id, professor) VALUES ('전기자기학', '05', '9:00', '10:00', '수', '2105-2', '오순수');
INSERT INTO lectures (lec_name, division, start, end, day, classroom_id, professor) VALUES ('로봇 공학', '01', '10:00', '12:00', '수', '2105-2', '고낙용');
INSERT INTO lectures (lec_name, division, start, end, day, classroom_id, professor) VALUES ('회로 이론1', '01', '14:00', '15:00', '수', '2105-2', '고낙용');
INSERT INTO lectures (lec_name, division, start, end, day, classroom_id, professor) VALUES ('말하기와 실용 글쓰기', '28', '14:00', '15:00', '수', '2105-2', '유육례');
INSERT INTO lectures (lec_name, division, start, end, day, classroom_id, professor) VALUES ('말하기와 실용 글쓰기', '23', '11:00', '12:00', '목', '2105-2', '김진욱');
INSERT INTO lectures (lec_name, division, start, end, day, classroom_id, professor) VALUES ('산학 캡스톤 디자인 1', '06', '12:00', '15:00', '목', '2105-2', '유성현');
INSERT INTO lectures (lec_name, division, start, end, day, classroom_id, professor) VALUES ('산학 캡스톤 디자인 1', '02', '9:00', '12:00', '금', '2105-2', '양희덕');
INSERT INTO lectures (lec_name, division, start, end, day, classroom_id, professor) VALUES ('말하기와 실용 글쓰기', '28', '13:00', '15:00', '금', '2105-2', '유육례');
INSERT INTO lectures (lec_name, division, start, end, day, classroom_id, professor) VALUES ('EGC', '45', '11:00', '13:00', '월', '2119', '티모시휘트먼');
INSERT INTO lectures (lec_name, division, start, end, day, classroom_id, professor) VALUES ('산업체 특강1', '01', '13:00', '14:00', '월', '2119', '김성환');
INSERT INTO lectures (lec_name, division, start, end, day, classroom_id, professor) VALUES ('정보 보호', '01', '14:00', '15:30', '월', '2119', '송기범');
INSERT INTO lectures (lec_name, division, start, end, day, classroom_id, professor) VALUES ('말하기와 실용 글쓰기', '20', '11:00', '13:00', '화', '2119', '김진욱');
INSERT INTO lectures (lec_name, division, start, end, day, classroom_id, professor) VALUES ('미분적분학', '10', '13:00', '14:00', '화', '2119', '김상희');
INSERT INTO lectures (lec_name, division, start, end, day, classroom_id, professor) VALUES ('신입생세미나', '60', '14:00', '15:00', '화', '2119', '신석주');
INSERT INTO lectures (lec_name, division, start, end, day, classroom_id, professor) VALUES ('말하기와 실용 글쓰기', '22', '15:00', '17:00', '화', '2119', '김영학');
INSERT INTO lectures (lec_name, division, start, end, day, classroom_id, professor) VALUES ('산학 캡스톤 디자인 1', '01', '9:00', '12:00', '수', '2119', '정일용');
INSERT INTO lectures (lec_name, division, start, end, day, classroom_id, professor) VALUES ('정보 보호', '01', '14:00', '15:30', '수', '2119', '송기범');
INSERT INTO lectures (lec_name, division, start, end, day, classroom_id, professor) VALUES ('IoT 회로1', '01', '9:00', '11:00', '목', '2119', '여인준');
INSERT INTO lectures (lec_name, division, start, end, day, classroom_id, professor) VALUES ('EGC', '45', '11:00', '12:00', '목', '2119', '티모시휘트먼');
INSERT INTO lectures (lec_name, division, start, end, day, classroom_id, professor) VALUES ('말하기와 실용 글쓰기', '20', '12:00', '13:00', '목', '2119', '김진욱');
INSERT INTO lectures (lec_name, division, start, end, day, classroom_id, professor) VALUES ('미분적분학', '10', '14:00', '16:00', '목', '2119', '김상희');
INSERT INTO lectures (lec_name, division, start, end, day, classroom_id, professor) VALUES ('말하기와 실용 글쓰기', '22', '16:00', '17:00', '목', '2119', '김영학');
INSERT INTO lectures (lec_name, division, start, end, day, classroom_id, professor) VALUES ('공학 수학1', '14', '10:00', '12:00', '월', '2122', '이진이');
INSERT INTO lectures (lec_name, division, start, end, day, classroom_id, professor) VALUES ('미분적분학', '13', '13:00', '15:00', '월', '2122', '박현성');
INSERT INTO lectures (lec_name, division, start, end, day, classroom_id, professor) VALUES ('일반 물리학1', '09', '16:00', '17:00', '월', '2122', '이봉주');
INSERT INTO lectures (lec_name, division, start, end, day, classroom_id, professor) VALUES ('미분적분학', '13', '12:00', '13:00', '화', '2122', '박현성');
INSERT INTO lectures (lec_name, division, start, end, day, classroom_id, professor) VALUES ('공학 수학1', '14', '14:00', '15:00', '화', '2122', '이진이');
INSERT INTO lectures (lec_name, division, start, end, day, classroom_id, professor) VALUES ('확률과 통계', '03', '15:00', '17:00', '화', '2122', '김예형');
INSERT INTO lectures (lec_name, division, start, end, day, classroom_id, professor) VALUES ('(EGC)TED Talks and Current Events', '06', '12:00', '13:00', '목', '2122', '티모시휘트먼');
INSERT INTO lectures (lec_name, division, start, end, day, classroom_id, professor) VALUES ('확률과 통계', '03', '14:00', '15:00', '목', '2122', '김예영');
INSERT INTO lectures (lec_name, division, start, end, day, classroom_id, professor) VALUES ('(EGC)TED Talks and Current Events', '06', '11:00', '13:00', '금', '2122', '티모시휘트먼');
INSERT INTO lectures (lec_name, division, start, end, day, classroom_id, professor) VALUES ('EGC', '46', '11:00', '13:00', '월', '2125', '조나단부트');
INSERT INTO lectures (lec_name, division, start, end, day, classroom_id, professor) VALUES ('EGC', '29', '15:00', '17:00', '월', '2125', '케빈존');
INSERT INTO lectures (lec_name, division, start, end, day, classroom_id, professor) VALUES ('EGC', '35', '11:00', '12:00', '화', '2125', '윌리엄어반스키');
INSERT INTO lectures (lec_name, division, start, end, day, classroom_id, professor) VALUES ('EGC', '18', '13:00', '14:00', '화', '2125', '도레미');
INSERT INTO lectures (lec_name, division, start, end, day, classroom_id, professor) VALUES ('(EGC)TED Talks and Current Events', '03', '16:00', '17:00', '화', '2125', '다니엘코클란');
INSERT INTO lectures (lec_name, division, start, end, day, classroom_id, professor) VALUES ('EGC', '29', '11:00', '12:00', '수', '2125', '케빈존');
INSERT INTO lectures (lec_name, division, start, end, day, classroom_id, professor) VALUES ('EGC', '35', '14:00', '16:00', '수', '2125', '윌리엄어반스키');
INSERT INTO lectures (lec_name, division, start, end, day, classroom_id, professor) VALUES ('EGC', '46', '11:00', '12:00', '목', '2125', '조나단부트');
INSERT INTO lectures (lec_name, division, start, end, day, classroom_id, professor) VALUES ('EGC', '18', '13:00', '15:00', '목', '2125', '도레미');
INSERT INTO lectures (lec_name, division, start, end, day, classroom_id, professor) VALUES ('(EGC)TED Talks and Current Events', '03', '15:00', '16:00', '목', '2125', '다니엘코클란');
INSERT INTO lectures (lec_name, division, start, end, day, classroom_id, professor) VALUES ('EGC', '43', '11:00', '13:00', '월', '2128', '켈리김');
INSERT INTO lectures (lec_name, division, start, end, day, classroom_id, professor) VALUES ('EGC', '30', '15:00', '17:00', '월', '2128', '티모시휘트먼');
INSERT INTO lectures (lec_name, division, start, end, day, classroom_id, professor) VALUES ('EGC', '34', '11:00', '12:00', '화', '2128', '모니크레이첼');
INSERT INTO lectures (lec_name, division, start, end, day, classroom_id, professor) VALUES ('산학 캡스톤 디자인 1', '05', '12:00', '15:00', '화', '2128', '오순수');
INSERT INTO lectures (lec_name, division, start, end, day, classroom_id, professor) VALUES ('(EGC)TED Talks and Current Events', '02', '16:00', '17:00', '화', '2128', '케빈존');
INSERT INTO lectures (lec_name, division, start, end, day, classroom_id, professor) VALUES ('EGC', '30', '11:00', '12:00', '수', '2128', '티모시휘트먼');
INSERT INTO lectures (lec_name, division, start, end, day, classroom_id, professor) VALUES ('EGC', '34', '14:00', '16:00', '수', '2128', '모니크레이첼');
INSERT INTO lectures (lec_name, division, start, end, day, classroom_id, professor) VALUES ('EGC', '43', '11:00', '12:00', '목', '2128', '켈리김');
INSERT INTO lectures (lec_name, division, start, end, day, classroom_id, professor) VALUES ('(EGC)TED Talks and Current Events', '07', '12:00', '13:00', '목', '2128', '존');
INSERT INTO lectures (lec_name, division, start, end, day, classroom_id, professor) VALUES ('(EGC)TED Talks and Current Events', '02', '15:00', '16:00', '목', '2128', '케빈존');
INSERT INTO lectures (lec_name, division, start, end, day, classroom_id, professor) VALUES ('(EGC)TED Talks and Current Events', '07', '11:00', '13:00', '금', '2128', '존');
INSERT INTO lectures (lec_name, division, start, end, day, classroom_id, professor) VALUES ('AI 기반 SW 프로그래밍', '15', '9:00', '11:00', '월', '2210', '노순국');
INSERT INTO lectures (lec_name, division, start, end, day, classroom_id, professor) VALUES ('AI 기반 SW 프로그래밍', '14', '11:00', '13:00', '월', '2210', '전병균');
INSERT INTO lectures (lec_name, division, start, end, day, classroom_id, professor) VALUES ('AI 기반 SW 프로그래밍', '15', '12:00', '14:00', '수', '2210', '노순국');
INSERT INTO lectures (lec_name, division, start, end, day, classroom_id, professor) VALUES ('기초 프로그래밍', '08', '9:00', '11:00', '목', '2210', '김범훈');
INSERT INTO lectures (lec_name, division, start, end, day, classroom_id, professor) VALUES ('프로그래밍 언어 및 실습', '04', '14:00', '17:00', '목', '2210', '이현희');
INSERT INTO lectures (lec_name, division, start, end, day, classroom_id, professor) VALUES ('AI 기반 SW 프로그래밍', '03', '9:00', '13:00', '금', '2210', '최진석');
INSERT INTO lectures (lec_name, division, start, end, day, classroom_id, professor) VALUES ('기초 프로그래밍', '08', '13:00', '15:00', '금', '2210', '김범훈');
INSERT INTO lectures (lec_name, division, start, end, day, classroom_id, professor) VALUES ('해킹 및 바이러스', '03', '10:00', '11:00', '월', '2221', '김영식');
INSERT INTO lectures (lec_name, division, start, end, day, classroom_id, professor) VALUES ('학습 심리학', '01', '11:00', '12:00', '월', '2221', '김나래');
INSERT INTO lectures (lec_name, division, start, end, day, classroom_id, professor) VALUES ('컴퓨터 네트워크', '03', '13:00', '14:00', '월', '2221', '김영식');
INSERT INTO lectures (lec_name, division, start, end, day, classroom_id, professor) VALUES ('정보 보호 개론', '01', '14:00', '16:00', '월', '2221', '김영식');
INSERT INTO lectures (lec_name, division, start, end, day, classroom_id, professor) VALUES ('데이터베이스', '01', '16:00', '17:00', '월', '2221', '신영숙');
INSERT INTO lectures (lec_name, division, start, end, day, classroom_id, professor) VALUES ('해킹 및 바이러스', '03', '10:00', '12:00', '화', '2221', '김영식');
INSERT INTO lectures (lec_name, division, start, end, day, classroom_id, professor) VALUES ('소프트웨어 공학', '01', '16:00', '17:30', '화', '2221', '신영숙');
INSERT INTO lectures (lec_name, division, start, end, day, classroom_id, professor) VALUES ('전기 자기학', '01', '9:00', '10:00', '수', '2221', '최동유');
INSERT INTO lectures (lec_name, division, start, end, day, classroom_id, professor) VALUES ('컴퓨터 네트워크', '03', '10:00', '12:00', '수', '2221', '김영식');
INSERT INTO lectures (lec_name, division, start, end, day, classroom_id, professor) VALUES ('데이터베이스', '01', '14:00', '16:00', '수', '2221', '신영숙');
INSERT INTO lectures (lec_name, division, start, end, day, classroom_id, professor) VALUES ('소프트웨어 공학', '01', '16:00', '17:30', '수', '2221', '신영숙');
INSERT INTO lectures (lec_name, division, start, end, day, classroom_id, professor) VALUES ('학습 심리학', '01', '11:00', '13:00', '목', '2221', '김나래');
INSERT INTO lectures (lec_name, division, start, end, day, classroom_id, professor) VALUES ('전기 자기학', '01', '13:00', '15:00', '목', '2221', '최동유');
INSERT INTO lectures (lec_name, division, start, end, day, classroom_id, professor) VALUES ('회로 이론', '01', '15:00', '17:00', '목', '2221', '최동유');
INSERT INTO lectures (lec_name, division, start, end, day, classroom_id, professor) VALUES ('CU 리더십', '02', '10:00', '12:00', '금', '2221', '박은선');
INSERT INTO lectures (lec_name, division, start, end, day, classroom_id, professor) VALUES ('전자 회로1', '02', '9:00', '11:00', '월', '2225', '여인준');
INSERT INTO lectures (lec_name, division, start, end, day, classroom_id, professor) VALUES ('물리 전자 공학', '01', '11:00', '12:00', '월', '2225', '최현식');
INSERT INTO lectures (lec_name, division, start, end, day, classroom_id, professor) VALUES ('제어 공학', '04', '12:00', '13:00', '월', '2225', '유성현');
INSERT INTO lectures (lec_name, division, start, end, day, classroom_id, professor) VALUES ('신호 및 시스템', '01', '13:00', '14:00', '월', '2225', '반성범');
INSERT INTO lectures (lec_name, division, start, end, day, classroom_id, professor) VALUES ('전기 자기학1', '03', '14:00', '15:00', '월', '2225', '이진이');
INSERT INTO lectures (lec_name, division, start, end, day, classroom_id, professor) VALUES ('제어 공학', '03', '15:00', '17:00', '월', '2225', '유성현');
INSERT INTO lectures (lec_name, division, start, end, day, classroom_id, professor) VALUES ('회로 이론1', '02', '13:00', '14:00', '화', '2225', '반성범');
INSERT INTO lectures (lec_name, division, start, end, day, classroom_id, professor) VALUES ('IoT 회로1', '01', '14:00', '15:00', '화', '2225', '여인준');
INSERT INTO lectures (lec_name, division, start, end, day, classroom_id, professor) VALUES ('전자 회로1', '01', '15:00', '17:00', '화', '2225', '이인영');
INSERT INTO lectures (lec_name, division, start, end, day, classroom_id, professor) VALUES ('전기 자기학1', '03', '10:00', '12:00', '수', '2225', '이진이');
INSERT INTO lectures (lec_name, division, start, end, day, classroom_id, professor) VALUES ('제어 공학', '04', '15:00', '17:00', '수', '2225', '유성현');
INSERT INTO lectures (lec_name, division, start, end, day, classroom_id, professor) VALUES ('회로 이론1', '02', '10:00', '12:00', '목', '2225', '반성범');
INSERT INTO lectures (lec_name, division, start, end, day, classroom_id, professor) VALUES ('신호 및 시스템', '01', '12:00', '14:00', '목', '2225', '반성범');
INSERT INTO lectures (lec_name, division, start, end, day, classroom_id, professor) VALUES ('물리 전자 공학', '01', '14:00', '16:00', '목', '2225', '최현식');
INSERT INTO lectures (lec_name, division, start, end, day, classroom_id, professor) VALUES ('전자 회로1', '02', '16:00', '17:00', '목', '2225', '여인준');
INSERT INTO lectures (lec_name, division, start, end, day, classroom_id, professor) VALUES ('전자정보통신공학개론', '03', '10:00', '13:00', '금', '2225', '정교일');
INSERT INTO lectures (lec_name, division, start, end, day, classroom_id, professor) VALUES ('무선 통신', '01', '10:00', '12:00', '월', '2228', '변재영');
INSERT INTO lectures (lec_name, division, start, end, day, classroom_id, professor) VALUES ('마이크로프로세서 응용', '01', '14:00', '16:00', '월', '2228', '최광석');
INSERT INTO lectures (lec_name, division, start, end, day, classroom_id, professor) VALUES ('논리 회로', '03', '16:00', '17:00', '월', '2228', '최광석');
INSERT INTO lectures (lec_name, division, start, end, day, classroom_id, professor) VALUES ('무선 통신', '01', '11:00', '12:00', '화', '2228', '변재영');
INSERT INTO lectures (lec_name, division, start, end, day, classroom_id, professor) VALUES ('마이크로프로세서 응용', '01', '13:00', '14:00', '화', '2228', '최광석');
INSERT INTO lectures (lec_name, division, start, end, day, classroom_id, professor) VALUES ('전기 전자 일반', '01', '15:00', '16:00', '화', '2228', '최동유');
INSERT INTO lectures (lec_name, division, start, end, day, classroom_id, professor) VALUES ('통신 이론', '02', '16:00', '17:00', '화', '2228', '노순국');
INSERT INTO lectures (lec_name, division, start, end, day, classroom_id, professor) VALUES ('회로 이론', '01', '10:00', '11:00', '수', '2228', '최동유');
INSERT INTO lectures (lec_name, division, start, end, day, classroom_id, professor) VALUES ('논리 회로', '03', '14:00', '16:00', '수', '2228', '최광석');
INSERT INTO lectures (lec_name, division, start, end, day, classroom_id, professor) VALUES ('통신 이론', '02', '16:00', '18:00', '수', '2228', '노순국');
INSERT INTO lectures (lec_name, division, start, end, day, classroom_id, professor) VALUES ('전기 전자 일반', '01', '9:00', '10:00', '목', '2228', '최동유');
INSERT INTO lectures (lec_name, division, start, end, day, classroom_id, professor) VALUES ('전기 전자 일반', '02', '10:00', '11:00', '목', '2228', '최동유');
INSERT INTO lectures (lec_name, division, start, end, day, classroom_id, professor) VALUES ('신입생세미나', '63', '13:00', '14:00', '목', '2228', '김영식');
INSERT INTO lectures (lec_name, division, start, end, day, classroom_id, professor) VALUES ('전기 전자 일반', '02', '9:00', '10:00', '금', '2228', '최동유');
INSERT INTO lectures (lec_name, division, start, end, day, classroom_id, professor) VALUES ('전기 전자 일반', '01', '10:00', '11:00', '금', '2228', '최동유');
INSERT INTO lectures (lec_name, division, start, end, day, classroom_id, professor) VALUES ('미분적분학', '15', '13:00', '15:00', '월', '3120', '박현란');
INSERT INTO lectures (lec_name, division, start, end, day, classroom_id, professor) VALUES ('데이터 과학', '01', '16:00', '17:30', '월', '3120', '이지민');
INSERT INTO lectures (lec_name, division, start, end, day, classroom_id, professor) VALUES ('컴퓨터 네트워크', '01', '9:00', '10:30', '화', '3120', '신석주');
INSERT INTO lectures (lec_name, division, start, end, day, classroom_id, professor) VALUES ('컴퓨터 네트워크', '02', '11:00', '12:30', '화', '3120', '신석주');
INSERT INTO lectures (lec_name, division, start, end, day, classroom_id, professor) VALUES ('신입생세미나', '58', '14:00', '15:00', '화', '3120', '이정아');
INSERT INTO lectures (lec_name, division, start, end, day, classroom_id, professor) VALUES ('센서 공학', '01', '15:00', '17:00', '화', '3120', '유성현');
INSERT INTO lectures (lec_name, division, start, end, day, classroom_id, professor) VALUES ('미분적분학', '15', '11:00', '12:00', '수', '3120', '박현란');
INSERT INTO lectures (lec_name, division, start, end, day, classroom_id, professor) VALUES ('데이터 과학', '01', '16:00', '17:30', '수', '3120', '이지민');
INSERT INTO lectures (lec_name, division, start, end, day, classroom_id, professor) VALUES ('컴퓨터 네트워크', '02', '9:00', '10:30', '목', '3120', '신석주');
INSERT INTO lectures (lec_name, division, start, end, day, classroom_id, professor) VALUES ('컴퓨터 네트워크', '01', '11:00', '12:30', '목', '3120', '신석주');
INSERT INTO lectures (lec_name, division, start, end, day, classroom_id, professor) VALUES ('논리 회로', '02', '15:00', '17:00', '목', '3120', '유성현');
INSERT INTO lectures (lec_name, division, start, end, day, classroom_id, professor) VALUES ('산업체 현장학습2', '01', '9:00', '12:00', '금', '3120', '손장완');
INSERT INTO lectures (lec_name, division, start, end, day, classroom_id, professor) VALUES ('EGC', '47', '11:00', '13:00', '월', '3124', '프랜시스');
INSERT INTO lectures (lec_name, division, start, end, day, classroom_id, professor) VALUES ('초고주파공학', '01', '10:00', '12:00', '화', '3124', '오순수');
INSERT INTO lectures (lec_name, division, start, end, day, classroom_id, professor) VALUES ('논리 회로', '02', '14:00', '15:00', '화', '3124', '유성현');
INSERT INTO lectures (lec_name, division, start, end, day, classroom_id, professor) VALUES ('말하기와 실용 글쓰기', '21', '15:00', '16:00', '화', '3124', '유육례');
INSERT INTO lectures (lec_name, division, start, end, day, classroom_id, professor) VALUES ('전자정보통신공학개론', '02', '9:00', '11:00', '수', '3124', '김윤학');
INSERT INTO lectures (lec_name, division, start, end, day, classroom_id, professor) VALUES ('초고주파공학', '01', '11:00', '12:00', '수', '3124', '오순수');
INSERT INTO lectures (lec_name, division, start, end, day, classroom_id, professor) VALUES ('말하기와 실용 글쓰기', '29', '16:00', '17:00', '수', '3124', '김영학');
INSERT INTO lectures (lec_name, division, start, end, day, classroom_id, professor) VALUES ('EGC', '47', '11:00', '12:00', '목', '3124', '프랜시스');
INSERT INTO lectures (lec_name, division, start, end, day, classroom_id, professor) VALUES ('말하기와 실용 글쓰기', '21', '12:00', '14:00', '목', '3124', '유육례');
INSERT INTO lectures (lec_name, division, start, end, day, classroom_id, professor) VALUES ('아날로그 회로 설계', '01', '15:00', '17:00', '목', '3124', '이인영');
INSERT INTO lectures (lec_name, division, start, end, day, classroom_id, professor) VALUES ('전자정보통신공학개론', '02', '9:00', '10:00', '금', '3124', '김윤학');
INSERT INTO lectures (lec_name, division, start, end, day, classroom_id, professor) VALUES ('일반 물리학1', '04', '11:00', '13:00', '금', '3124', '방진주');
INSERT INTO lectures (lec_name, division, start, end, day, classroom_id, professor) VALUES ('말하기와 실용 글쓰기', '29', '13:00', '15:00', '금', '3124', '김영학');
INSERT INTO lectures (lec_name, division, start, end, day, classroom_id, professor) VALUES ('공학 수학1', '17', '12:00', '13:00', '월', '3128', '최동유');
INSERT INTO lectures (lec_name, division, start, end, day, classroom_id, professor) VALUES ('신입생세미나', '56', '13:00', '14:00', '월', '3128', '김판구');
INSERT INTO lectures (lec_name, division, start, end, day, classroom_id, professor) VALUES ('전기자기학1', '04', '15:00', '17:00', '월', '3128', '오순수');
INSERT INTO lectures (lec_name, division, start, end, day, classroom_id, professor) VALUES ('공학 수학1', '17', '10:00', '12:00', '화', '3128', '최동유');
INSERT INTO lectures (lec_name, division, start, end, day, classroom_id, professor) VALUES ('통신 이론', '01', '12:00', '14:00', '화', '3128', '이동훈');
INSERT INTO lectures (lec_name, division, start, end, day, classroom_id, professor) VALUES ('열린 사고와 표현', '02', '14:00', '16:00', '화', '3128', '최상민');
INSERT INTO lectures (lec_name, division, start, end, day, classroom_id, professor) VALUES ('전기 자기학1', '04', '10:00', '11:00', '수', '3128', '오순수');
INSERT INTO lectures (lec_name, division, start, end, day, classroom_id, professor) VALUES ('논리 회로', '04', '16:00', '17:00', '수', '3128', '최광석');
INSERT INTO lectures (lec_name, division, start, end, day, classroom_id, professor) VALUES ('통신 이론', '01', '10:00', '11:00', '목', '3128', '이동훈');
INSERT INTO lectures (lec_name, division, start, end, day, classroom_id, professor) VALUES ('열린 사고와 표현', '02', '11:00', '12:00', '목', '3128', '최상민');
INSERT INTO lectures (lec_name, division, start, end, day, classroom_id, professor) VALUES ('디지털 신호 처리', '01', '13:00', '15:00', '목', '3128', '김윤학');
INSERT INTO lectures (lec_name, division, start, end, day, classroom_id, professor) VALUES ('프로그래밍 언어 및 실습', '05', '9:00', '11:00', '월', '3208', '김형주');
INSERT INTO lectures (lec_name, division, start, end, day, classroom_id, professor) VALUES ('기초 프로그래밍', '09', '11:00', '13:00', '월', '3208', '김정인');
INSERT INTO lectures (lec_name, division, start, end, day, classroom_id, professor) VALUES ('기초 프로그래밍', '10', '13:00', '15:00', '월', '3208', '김정인');
INSERT INTO lectures (lec_name, division, start, end, day, classroom_id, professor) VALUES ('객체지향프로그래밍', '06', '15:00', '17:00', '월', '3208', '이동훈');
INSERT INTO lectures (lec_name, division, start, end, day, classroom_id, professor) VALUES ('프로그래밍 언어 및 실습', '05', '9:00', '11:00', '화', '3208', '김형주');
INSERT INTO lectures (lec_name, division, start, end, day, classroom_id, professor) VALUES ('기초 프로그래밍', '09', '10:00', '12:00', '수', '3208', '김정인');
INSERT INTO lectures (lec_name, division, start, end, day, classroom_id, professor) VALUES ('기초 프로그래밍', '10', '14:00', '16:00', '수', '3208', '김정인');
INSERT INTO lectures (lec_name, division, start, end, day, classroom_id, professor) VALUES ('객체지향프로그래밍', '06', '16:00', '17:00', '수', '3208', '이동훈');
INSERT INTO lectures (lec_name, division, start, end, day, classroom_id, professor) VALUES ('자바 프로그래밍', '01', '10:00', '12:00', '목', '3208', '박아론');
INSERT INTO lectures (lec_name, division, start, end, day, classroom_id, professor) VALUES ('객체지향프로그래밍', '07', '13:00', '15:00', '목', '3208', '이동훈');
INSERT INTO lectures (lec_name, division, start, end, day, classroom_id, professor) VALUES ('객체지향프로그래밍', '07', '10:00', '12:00', '금', '3208', '이동훈');
INSERT INTO lectures (lec_name, division, start, end, day, classroom_id, professor) VALUES ('WEB프로그래밍', '02', '11:00', '13:00', '월', '3210', '이지민');
INSERT INTO lectures (lec_name, division, start, end, day, classroom_id, professor) VALUES ('수치해석', '04', '12:00', '13:00', '화', '3210', '문지윤');
INSERT INTO lectures (lec_name, division, start, end, day, classroom_id, professor) VALUES ('프로그래밍 언어 및 실습', '03', '14:00', '16:00', '수', '3210', '문지윤');
INSERT INTO lectures (lec_name, division, start, end, day, classroom_id, professor) VALUES ('WEB프로그래밍', '02', '10:00', '12:00', '목', '3210', '이지민');
INSERT INTO lectures (lec_name, division, start, end, day, classroom_id, professor) VALUES ('프로그래밍 언어 및 실습', '03', '16:00', '17:00', '목', '3210', '문지윤');
INSERT INTO lectures (lec_name, division, start, end, day, classroom_id, professor) VALUES ('SW비지니스와 창업', '01', '10:00', '13:00', '월', '3224', '김영심');
INSERT INTO lectures (lec_name, division, start, end, day, classroom_id, professor) VALUES ('데이터 통신', '01', '14:00', '15:00', '월', '3224', '이동훈');
INSERT INTO lectures (lec_name, division, start, end, day, classroom_id, professor) VALUES ('나노전자소자', '01', '15:00', '17:00', '월', '3224', '최현식');
INSERT INTO lectures (lec_name, division, start, end, day, classroom_id, professor) VALUES ('디지털 신호 처리', '01', '11:00', '12:00', '화', '3224', '김윤학');
INSERT INTO lectures (lec_name, division, start, end, day, classroom_id, professor) VALUES ('확률과 통계', '05', '13:00', '15:00', '화', '3224', '김예형');
INSERT INTO lectures (lec_name, division, start, end, day, classroom_id, professor) VALUES ('데이터 구조', '03', '15:00', '16:00', '화', '3224', '문지윤');
INSERT INTO lectures (lec_name, division, start, end, day, classroom_id, professor) VALUES ('데이터 통신', '01', '9:00', '11:00', '수', '3224', '이동훈');
INSERT INTO lectures (lec_name, division, start, end, day, classroom_id, professor) VALUES ('AI헬스케어융합캡스톤디자인', '01', '9:00', '12:00', '목', '3224', '유희수');
INSERT INTO lectures (lec_name, division, start, end, day, classroom_id, professor) VALUES ('(EGC-A)Science and Literacy', '07', '12:00', '13:00', '목', '3224', '데이비드');
INSERT INTO lectures (lec_name, division, start, end, day, classroom_id, professor) VALUES ('확률과 통계', '05', '13:00', '14:00', '목', '3224', '김예형');
INSERT INTO lectures (lec_name, division, start, end, day, classroom_id, professor) VALUES ('정보 보호', '03', '14:00', '16:00', '목', '3224', '김영식');
INSERT INTO lectures (lec_name, division, start, end, day, classroom_id, professor) VALUES ('(EGC-A)Science and Literacy', '07', '11:00', '13:00', '금', '3224', '데이비드');
INSERT INTO lectures (lec_name, division, start, end, day, classroom_id, professor) VALUES ('공학 수학1', '16', '10:00', '12:00', '월', '3228', '최동유');
INSERT INTO lectures (lec_name, division, start, end, day, classroom_id, professor) VALUES ('전자정보통신공학개론', '01', '9:00', '11:00', '화', '3228', '김윤학');
INSERT INTO lectures (lec_name, division, start, end, day, classroom_id, professor) VALUES ('공학 수학1', '16', '12:00', '13:00', '화', '3228', '최동유');
INSERT INTO lectures (lec_name, division, start, end, day, classroom_id, professor) VALUES ('열린 사고와 표현', '01', '14:00', '16:00', '화', '3228', '김미령');
INSERT INTO lectures (lec_name, division, start, end, day, classroom_id, professor) VALUES ('전기 전자 일반', '02', '16:00', '17:00', '화', '3228', '최동유');
INSERT INTO lectures (lec_name, division, start, end, day, classroom_id, professor) VALUES ('데이터 통신', '02', '9:00', '11:00', '수', '3228', '김종우');
INSERT INTO lectures (lec_name, division, start, end, day, classroom_id, professor) VALUES ('신호 및 시스템', '02', '11:00', '12:00', '수', '3228', '김윤학');
INSERT INTO lectures (lec_name, division, start, end, day, classroom_id, professor) VALUES ('공업 경영', '03', '16:00', '17:00', '수', '3228', '김준성');
INSERT INTO lectures (lec_name, division, start, end, day, classroom_id, professor) VALUES ('열린 사고와 표현', '01', '11:00', '12:00', '목', '3228', '김미령');
INSERT INTO lectures (lec_name, division, start, end, day, classroom_id, professor) VALUES ('전자정보통신공학개론', '01', '12:00', '13:00', '목', '3228', '김윤학');
INSERT INTO lectures (lec_name, division, start, end, day, classroom_id, professor) VALUES ('미분적분학', '11', '14:00', '16:00', '목', '3228', '이주현');
INSERT INTO lectures (lec_name, division, start, end, day, classroom_id, professor) VALUES ('신호 및 시스템', '02', '10:00', '12:00', '금', '3228', '김윤학');
INSERT INTO lectures (lec_name, division, start, end, day, classroom_id, professor) VALUES ('데이터 통신', '02', '14:00', '15:00', '금', '3228', '김종우');
INSERT INTO lectures (lec_name, division, start, end, day, classroom_id, professor) VALUES ('공업 경영', '03', '16:00', '17:00', '금', '3228', '김준성');
INSERT INTO lectures (lec_name, division, start, end, day, classroom_id, professor) VALUES ('객체지향프로그래밍', '01', '10:00', '12:00', '월', '7210', '심재홍');
INSERT INTO lectures (lec_name, division, start, end, day, classroom_id, professor) VALUES ('객체지향프로그래밍', '03', '14:00', '16:00', '월', '7210', '심재홍');
INSERT INTO lectures (lec_name, division, start, end, day, classroom_id, professor) VALUES ('기초 프로그래밍', '01', '16:00', '18:00', '월', '7210', '김판구');
INSERT INTO lectures (lec_name, division, start, end, day, classroom_id, professor) VALUES ('유닉스 시스템', '01', '11:00', '13:00', '화', '7210', '심재홍');
INSERT INTO lectures (lec_name, division, start, end, day, classroom_id, professor) VALUES ('유닉스 시스템', '02', '14:00', '16:00', '화', '7210', '심재홍');
INSERT INTO lectures (lec_name, division, start, end, day, classroom_id, professor) VALUES ('객체지향프로그래밍', '01', '10:00', '12:00', '수', '7210', '심재홍');
INSERT INTO lectures (lec_name, division, start, end, day, classroom_id, professor) VALUES ('객체지향프로그래밍', '03', '14:00', '16:00', '수', '7210', '심재홍');
INSERT INTO lectures (lec_name, division, start, end, day, classroom_id, professor) VALUES ('기초 프로그래밍', '01', '16:00', '18:00', '수', '7210', '김판구');
INSERT INTO lectures (lec_name, division, start, end, day, classroom_id, professor) VALUES ('유닉스 시스템', '01', '11:00', '13:00', '목', '7210', '심재홍');
INSERT INTO lectures (lec_name, division, start, end, day, classroom_id, professor) VALUES ('유닉스 시스템', '02', '14:00', '16:00', '목', '7210', '심재홍');
INSERT INTO lectures (lec_name, division, start, end, day, classroom_id, professor) VALUES ('객체지향프로그래밍', '05', '14:00', '16:00', '월', '7221', '정현숙');
INSERT INTO lectures (lec_name, division, start, end, day, classroom_id, professor) VALUES ('기초 프로그래밍', '02', '16:00', '18:00', '월', '7221', '신석주');
INSERT INTO lectures (lec_name, division, start, end, day, classroom_id, professor) VALUES ('계산적 사고와 문제해결', '01', '10:00', '12:00', '화', '7221', '이정아');
INSERT INTO lectures (lec_name, division, start, end, day, classroom_id, professor) VALUES ('해킹 및 바이러스', '01', '14:00', '16:00', '화', '7221', '강문수');
INSERT INTO lectures (lec_name, division, start, end, day, classroom_id, professor) VALUES ('해킹 및 바이러스', '02', '16:00', '18:00', '화', '7221', '강문수');
INSERT INTO lectures (lec_name, division, start, end, day, classroom_id, professor) VALUES ('기초 프로그래밍', '05', '10:00', '12:00', '수', '7221', '조영주');
INSERT INTO lectures (lec_name, division, start, end, day, classroom_id, professor) VALUES ('객체지향프로그래밍', '05', '14:00', '16:00', '수', '7221', '정현숙');
INSERT INTO lectures (lec_name, division, start, end, day, classroom_id, professor) VALUES ('기초 프로그래밍', '02', '16:00', '18:00', '수', '7221', '신석주');
INSERT INTO lectures (lec_name, division, start, end, day, classroom_id, professor) VALUES ('계산적 사고와 문제해결', '01', '10:00', '12:00', '목', '7221', '이정아');
INSERT INTO lectures (lec_name, division, start, end, day, classroom_id, professor) VALUES ('해킹 및 바이러스', '01', '14:00', '16:00', '목', '7221', '강문수');
INSERT INTO lectures (lec_name, division, start, end, day, classroom_id, professor) VALUES ('해킹 및 바이러스', '02', '16:00', '18:00', '목', '7221', '강문수');
INSERT INTO lectures (lec_name, division, start, end, day, classroom_id, professor) VALUES ('컴퓨터 그래픽스', '01', '10:00', '12:00', '월', '7225', '정현숙');
INSERT INTO lectures (lec_name, division, start, end, day, classroom_id, professor) VALUES ('기초 프로그래밍', '05', '14:00', '16:00', '월', '7225', '조영주');
INSERT INTO lectures (lec_name, division, start, end, day, classroom_id, professor) VALUES ('임베디드 시스템', '01', '16:00', '18:00', '월', '7225', '송기범');
INSERT INTO lectures (lec_name, division, start, end, day, classroom_id, professor) VALUES ('서버 웹 프로그래밍', '01', '9:00', '11:00', '화', '7225', '정현숙');
INSERT INTO lectures (lec_name, division, start, end, day, classroom_id, professor) VALUES ('신입생세미나', '59', '14:00', '15:00', '화', '7225', '정현숙');
INSERT INTO lectures (lec_name, division, start, end, day, classroom_id, professor) VALUES ('컴퓨터 그래픽스', '01', '10:00', '12:00', '수', '7225', '정현숙');
INSERT INTO lectures (lec_name, division, start, end, day, classroom_id, professor) VALUES ('오픈소스 SW개론', '05', '14:00', '16:00', '수', '7225', '노순국');
INSERT INTO lectures (lec_name, division, start, end, day, classroom_id, professor) VALUES ('임베디드 시스템', '01', '16:00', '18:00', '수', '7225', '송기범');
INSERT INTO lectures (lec_name, division, start, end, day, classroom_id, professor) VALUES ('서버 웹 프로그래밍', '01', '9:00', '11:00', '목', '7225', '정현숙');
INSERT INTO lectures (lec_name, division, start, end, day, classroom_id, professor) VALUES ('오픈소스 SW개론', '05', '16:00', '18:00', '목', '7225', '노순국');
INSERT INTO lectures (lec_name, division, start, end, day, classroom_id, professor) VALUES ('캡스톤 디자인1', '29', '16:00', '18:00', '월', '8206', '변재영');
INSERT INTO lectures (lec_name, division, start, end, day, classroom_id, professor) VALUES ('딥러닝 개론', '02', '9:00', '11:00', '화', '8206', '고훈');
INSERT INTO lectures (lec_name, division, start, end, day, classroom_id, professor) VALUES ('오픈소스 SW개론', '04', '12:00', '14:00', '화', '8206', '류창주');
INSERT INTO lectures (lec_name, division, start, end, day, classroom_id, professor) VALUES ('디지털 회로 실험', '01', '14:00', '17:00', '화', '8206', '최광석');
INSERT INTO lectures (lec_name, division, start, end, day, classroom_id, professor) VALUES ('정보통신응용실험1', '01', '9:00', '12:00', '수', '8206', '변재영');
INSERT INTO lectures (lec_name, division, start, end, day, classroom_id, professor) VALUES ('정보통신응용실험1', '02', '14:00', '17:00', '수', '8206', '변재영');
INSERT INTO lectures (lec_name, division, start, end, day, classroom_id, professor) VALUES ('멀티미디어 시스템 설계', '01', '10:00', '11:00', '목', '8206', '권구락');
INSERT INTO lectures (lec_name, division, start, end, day, classroom_id, professor) VALUES ('멀티미디어 시스템 설계', '02', '11:00', '12:00', '목', '8206', '권구락');
INSERT INTO lectures (lec_name, division, start, end, day, classroom_id, professor) VALUES ('딥러닝 개론', '02', '13:00', '15:00', '목', '8206', '고훈');
INSERT INTO lectures (lec_name, division, start, end, day, classroom_id, professor) VALUES ('오픈소스 SW개론', '04', '15:00', '17:00', '목', '8206', '류창주');
INSERT INTO lectures (lec_name, division, start, end, day, classroom_id, professor) VALUES ('캡스톤 디자인1', '29', '17:00', '18:00', '목', '8206', '변재영');
INSERT INTO lectures (lec_name, division, start, end, day, classroom_id, professor) VALUES ('멀티미디어 시스템 설계', '01', '10:00', '12:00', '금', '8206', '권구락');
INSERT INTO lectures (lec_name, division, start, end, day, classroom_id, professor) VALUES ('멀티미디어 시스템 설계', '02', '13:00', '15:00', '금', '8206', '권구락');
INSERT INTO lectures (lec_name, division, start, end, day, classroom_id, professor) VALUES ('산학 캡스톤 디자인1', '07', '16:00', '18:00', '월', '8210', '김영식');
INSERT INTO lectures (lec_name, division, start, end, day, classroom_id, professor) VALUES ('정보통신 기초실험1', '01', '14:00', '17:00', '화', '8210', '김영식');
INSERT INTO lectures (lec_name, division, start, end, day, classroom_id, professor) VALUES ('산학 캡스톤 디자인1', '07', '17:00', '18:00', '목', '8210', '김영식');
INSERT INTO lectures (lec_name, division, start, end, day, classroom_id, professor) VALUES ('정보통신 기초실험1', '02', '9:00', '12:00', '금', '8210', '김종우');
INSERT INTO lectures (lec_name, division, start, end, day, classroom_id, professor) VALUES ('디지털 회로 실험', '02', '15:00', '18:00', '금', '8210', '권구락');
INSERT INTO lectures (lec_name, division, start, end, day, classroom_id, professor) VALUES ('프로그래밍 언어 및 실습1', '02', '14:00', '16:00', '월', '8221', '신영숙');
INSERT INTO lectures (lec_name, division, start, end, day, classroom_id, professor) VALUES ('캡스톤 디자인1', '30', '16:00', '18:00', '월', '8221', '최동유');
INSERT INTO lectures (lec_name, division, start, end, day, classroom_id, professor) VALUES ('프로그래밍 언어 및 실습1', '01', '10:00', '12:00', '화', '8221', '신영숙');
INSERT INTO lectures (lec_name, division, start, end, day, classroom_id, professor) VALUES ('객체지향프로그래밍', '08', '14:00', '16:00', '화', '8221', '신영숙');
INSERT INTO lectures (lec_name, division, start, end, day, classroom_id, professor) VALUES ('프로그래밍 언어 및 실습1', '02', '10:00', '12:00', '수', '8221', '신영숙');
INSERT INTO lectures (lec_name, division, start, end, day, classroom_id, professor) VALUES ('객체지향프로그래밍', '08', '10:00', '12:00', '목', '8221', '신영숙');
INSERT INTO lectures (lec_name, division, start, end, day, classroom_id, professor) VALUES ('프로그래밍 언어 및 실습1', '01', '15:00', '17:00', '목', '8221', '신영숙');
INSERT INTO lectures (lec_name, division, start, end, day, classroom_id, professor) VALUES ('반도체 소자 실험', '01', '14:00', '17:00', '월', '9206', '이인영');
INSERT INTO lectures (lec_name, division, start, end, day, classroom_id, professor) VALUES ('IoT 회로실험1', '01', '9:00', '13:00', '화', '9206', '여인준');
INSERT INTO lectures (lec_name, division, start, end, day, classroom_id, professor) VALUES ('전자 기초 실험', '02', '15:00', '18:00', '화', '9206', '염홍기');
INSERT INTO lectures (lec_name, division, start, end, day, classroom_id, professor) VALUES ('전자 기초 실험', '01', '15:00', '18:00', '수', '9206', '염홍기');
INSERT INTO lectures (lec_name, division, start, end, day, classroom_id, professor) VALUES ('반도체 소자 실험', '03', '15:00', '18:00', '금', '9206', '김종우');
INSERT INTO lectures (lec_name, division, start, end, day, classroom_id, professor) VALUES ('MATLAB프로그래밍 및 실습', '04', '9:00', '13:00', '월', '9210', '김희숙');
INSERT INTO lectures (lec_name, division, start, end, day, classroom_id, professor) VALUES ('오픈소스 하드웨어', '01', '15:00', '17:00', '월', '9210', '문지윤');
INSERT INTO lectures (lec_name, division, start, end, day, classroom_id, professor) VALUES ('프로그래밍 언어 및 실습', '02', '12:00', '14:00', '화', '9210', '염홍기');
INSERT INTO lectures (lec_name, division, start, end, day, classroom_id, professor) VALUES ('디지털 시스템 설계 실험', '01', '14:00', '17:00', '수', '9210', '최현식');
INSERT INTO lectures (lec_name, division, start, end, day, classroom_id, professor) VALUES ('오픈소스 하드웨어', '01', '12:00', '14:00', '목', '9210', '문지윤');
INSERT INTO lectures (lec_name, division, start, end, day, classroom_id, professor) VALUES ('프로그래밍 언어 및 실습', '02', '16:00', '18:00', '목', '9210', '염홍기');
INSERT INTO lectures (lec_name, division, start, end, day, classroom_id, professor) VALUES ('IoT 융합 실험', '01', '13:00', '17:00', '금', '9210', '문지윤');
INSERT INTO lectures (lec_name, division, start, end, day, classroom_id, professor) VALUES ('전자 기초 실험', '03', '15:00', '18:00', '화', '9221', '이동훈');
INSERT INTO lectures (lec_name, division, start, end, day, classroom_id, professor) VALUES ('반도체 소자 실험', '02', '14:00', '17:00', '수', '9221', '이인영');
INSERT INTO lectures (lec_name, division, start, end, day, classroom_id, professor) VALUES ('유닉스 시스템', '03', '12:00', '14:00', '월', '10210', '송기범');
INSERT INTO lectures (lec_name, division, start, end, day, classroom_id, professor) VALUES ('객체지향프로그래밍', '04', '14:00', '16:00', '월', '10210', '양희덕');
INSERT INTO lectures (lec_name, division, start, end, day, classroom_id, professor) VALUES ('컴퓨터 비전', '02', '11:00', '12:30', '화', '10210', '양희덕');
INSERT INTO lectures (lec_name, division, start, end, day, classroom_id, professor) VALUES ('신입생세미나', '57', '14:00', '15:00', '화', '10210', '정호엽');
INSERT INTO lectures (lec_name, division, start, end, day, classroom_id, professor) VALUES ('유닉스 시스템', '03', '16:00', '18:00', '화', '10210', '송기범');
INSERT INTO lectures (lec_name, division, start, end, day, classroom_id, professor) VALUES ('객체지향프로그래밍', '04', '14:00', '16:00', '수', '10210', '양희덕');
INSERT INTO lectures (lec_name, division, start, end, day, classroom_id, professor) VALUES ('컴퓨터비전', '02', '11:00', '12:30', '목', '10210', '양희덕');
INSERT INTO lectures (lec_name, division, start, end, day, classroom_id, professor) VALUES ('오픈소스 SW개론', '01', '9:00', '11:00', '월', '10221', '전찬준');
INSERT INTO lectures (lec_name, division, start, end, day, classroom_id, professor) VALUES ('오픈소스 SW개론', '02', '11:00', '13:00', '월', '10221', '전찬준');
INSERT INTO lectures (lec_name, division, start, end, day, classroom_id, professor) VALUES ('기초 프로그래밍', '03', '16:00', '18:00', '월', '10221', '정호엽');
INSERT INTO lectures (lec_name, division, start, end, day, classroom_id, professor) VALUES ('빅데이터 분석', '01', '14:00', '16:00', '화', '10221', '전찬준');
INSERT INTO lectures (lec_name, division, start, end, day, classroom_id, professor) VALUES ('빅데이터 분석', '02', '16:00', '18:00', '화', '10221', '전찬준');
INSERT INTO lectures (lec_name, division, start, end, day, classroom_id, professor) VALUES ('오픈소스 SW개론', '02', '10:00', '12:00', '수', '10221', '전찬준');
INSERT INTO lectures (lec_name, division, start, end, day, classroom_id, professor) VALUES ('오픈소스 SW개론', '01', '14:00', '16:00', '수', '10221', '전찬준');
INSERT INTO lectures (lec_name, division, start, end, day, classroom_id, professor) VALUES ('기초 프로그래밍', '03', '16:00', '18:00', '수', '10221', '정호엽');
INSERT INTO lectures (lec_name, division, start, end, day, classroom_id, professor) VALUES ('빅데이터 분석', '01', '14:00', '16:00', '목', '10221', '전찬준');
INSERT INTO lectures (lec_name, division, start, end, day, classroom_id, professor) VALUES ('빅데이터 분석', '02', '16:00', '18:00', '목', '10221', '전찬준');
INSERT INTO lectures (lec_name, division, start, end, day, classroom_id, professor) VALUES ('객체지향프로그래밍', '02', '10:00', '12:00', '월', '10225', '정호엽');
INSERT INTO lectures (lec_name, division, start, end, day, classroom_id, professor) VALUES ('기초 프로그래밍', '04', '14:00', '16:00', '월', '10225', '정호엽');
INSERT INTO lectures (lec_name, division, start, end, day, classroom_id, professor) VALUES ('계산적 사고와 문제해결', '02', '16:00', '18:00', '월', '10225', '최우열');
INSERT INTO lectures (lec_name, division, start, end, day, classroom_id, professor) VALUES ('오픈소스 HW', '01', '14:00', '16:00', '화', '10225', '최우열');
INSERT INTO lectures (lec_name, division, start, end, day, classroom_id, professor) VALUES ('오픈소스 HW', '02', '16:00', '18:00', '화', '10225', '최우열');
INSERT INTO lectures (lec_name, division, start, end, day, classroom_id, professor) VALUES ('객체지향프로그래밍', '02', '10:00', '12:00', '수', '10225', '정호엽');
INSERT INTO lectures (lec_name, division, start, end, day, classroom_id, professor) VALUES ('기초 프로그래밍', '04', '14:00', '16:00', '수', '10225', '정호엽');
INSERT INTO lectures (lec_name, division, start, end, day, classroom_id, professor) VALUES ('계산적 사고와 문제해결', '02', '16:00', '18:00', '수', '10225', '최우열');
INSERT INTO lectures (lec_name, division, start, end, day, classroom_id, professor) VALUES ('오픈소스 HW', '01', '14:00', '16:00', '목', '10225', '최우열');
INSERT INTO lectures (lec_name, division, start, end, day, classroom_id, professor) VALUES ('오픈소스 HW', '02', '16:00', '18:00', '목', '10225', '최우열');

